<?xml version="1.0" encoding="UTF-8"?>
<configurationDescriptor version="97">
  <logicalFolder name="root" displayName="root" projectFiles="true" kind="ROOT">
    <logicalFolder name="HeaderFiles"
                   displayName="Header Files"
                   projectFiles="true">
      <itemPath>src/com_juanjo_openDmx_OpenDmx.h</itemPath>
      <itemPath>src/ftd2xx.h</itemPath>
    </logicalFolder>
    <logicalFolder name="ResourceFiles"
                   displayName="Resource Files"
                   projectFiles="true">
    </logicalFolder>
    <logicalFolder name="SourceFiles"
                   displayName="Source Files"
                   projectFiles="true">
      <itemPath>src/opendmxdll.cpp</itemPath>
    </logicalFolder>
    <logicalFolder name="TestFiles"
                   displayName="Test Files"
                   projectFiles="false"
                   kind="TEST_LOGICAL_FOLDER">
    </logicalFolder>
    <logicalFolder name="ExternalFiles"
                   displayName="Important Files"
                   projectFiles="false"
                   kind="IMPORTANT_FILES_FOLDER">
      <itemPath>Makefile</itemPath>
    </logicalFolder>
  </logicalFolder>
  <projectmakefile>Makefile</projectmakefile>
  <confs>
    <conf name="Debug" type="2">
      <toolsSet>
        <compilerSet>MinGW|MinGW</compilerSet>
        <dependencyChecking>true</dependencyChecking>
        <rebuildPropChanged>false</rebuildPropChanged>
      </toolsSet>
      <compileType>
        <cTool>
          <architecture>2</architecture>
        </cTool>
        <ccTool>
          <stripSymbols>true</stripSymbols>
          <architecture>2</architecture>
          <commandlineTool>g++</commandlineTool>
          <incDir>
            <pElem>src</pElem>
            <pElem>../../../../../../../../Program Files/Java/jdk1.8.0_40/include</pElem>
            <pElem>../../../../../../../../Program Files/Java/jdk1.8.0_40/include/win32</pElem>
          </incDir>
          <useLinkerLibraries>false</useLinkerLibraries>
        </ccTool>
        <linkerTool>
          <linkerAddLib>
            <pElem>src</pElem>
          </linkerAddLib>
          <commandlineTool>g++</commandlineTool>
          <linkerLibItems>
            <linkerOptionItem>-lm -ldinput8 -ldxguid -ldxerr8 -luser32 -lgdi32 -lwinmm -limm32 -lole32 -loleaut32 -lshell32 -lversion -luuid -lkernel32</linkerOptionItem>
            <linkerOptionItem>-static-libgcc -static-libstdc++ -static -lpthread</linkerOptionItem>
            <linkerLibFileItem>src/ftd2xx64.dll</linkerLibFileItem>
          </linkerLibItems>
        </linkerTool>
      </compileType>
      <item path="src/com_juanjo_openDmx_OpenDmx.h" ex="false" tool="3" flavor2="0">
      </item>
      <item path="src/ftd2xx.h" ex="false" tool="3" flavor2="0">
      </item>
      <item path="src/opendmxdll.cpp" ex="false" tool="1" flavor2="0">
      </item>
    </conf>
    <conf name="Release" type="2">
      <toolsSet>
        <compilerSet>MinGW_64_2|MinGW</compilerSet>
        <dependencyChecking>true</dependencyChecking>
        <rebuildPropChanged>false</rebuildPropChanged>
      </toolsSet>
      <compileType>
        <cTool>
          <developmentMode>5</developmentMode>
        </cTool>
        <ccTool>
          <developmentMode>5</developmentMode>
        </ccTool>
        <fortranCompilerTool>
          <developmentMode>5</developmentMode>
        </fortranCompilerTool>
        <asmTool>
          <developmentMode>5</developmentMode>
        </asmTool>
      </compileType>
      <item path="src/com_juanjo_openDmx_OpenDmx.h" ex="false" tool="3" flavor2="0">
      </item>
      <item path="src/ftd2xx.h" ex="false" tool="3" flavor2="0">
      </item>
      <item path="src/opendmxdll.cpp" ex="false" tool="1" flavor2="0">
      </item>
    </conf>
  </confs>
</configurationDescriptor>
