<?xml version="1.0" encoding="UTF-8"?>
<project-private xmlns="http://www.netbeans.org/ns/project-private/1">
    <data xmlns="http://www.netbeans.org/ns/make-project-private/1">
        <activeConfTypeElem>2</activeConfTypeElem>
        <activeConfIndexElem>0</activeConfIndexElem>
    </data>
    <editor-bookmarks xmlns="http://www.netbeans.org/ns/editor-bookmarks/2" lastBookmarkId="0"/>
    <open-files xmlns="http://www.netbeans.org/ns/projectui-open-files/2">
        <group>
            <file>file:/C:/Dev/projects/DmxLiveGit/modules/driver-opendmx/src/main/OpenDMX-FTDI64/src/com_juanjo_openDmx_OpenDmx.h</file>
            <file>file:/C:/Dev/projects/DmxLiveGit/modules/driver-opendmx/src/main/OpenDMX-FTDI64/src/opendmxdll.cpp</file>
            <file>file:/C:/Dev/projects/DmxLiveGit/modules/driver-opendmx/src/main/OpenDMX-FTDI64/Makefile</file>
        </group>
    </open-files>
</project-private>
